week,team,playoff_prob,superbowl_prob
0,ARI,0.211660,0.012440
0,ATL,0.437710,0.030800
0,BAL,0.436500,0.030460
0,BUF,0.582490,0.044650
0,CAR,0.422610,0.028780
0,CHI,0.493810,0.035830
0,CIN,0.381190,0.025700
0,CLE,0.352360,0.023370
0,DAL,0.411570,0.027660
0,DEN,0.616890,0.048180
0,DET,0.460010,0.032270
0,GB,0.442490,0.030660
0,HOU,0.579920,0.044550
0,IND,0.438260,0.029690
0,JAX,0.605510,0.048270
0,KC,0.339590,0.021460
0,LA,0.555980,0.041630
0,LAC,0.522040,0.039080
0,LV,0.207930,0.012030
0,MIA,0.363240,0.023280
0,MIN,0.430010,0.028920
0,NE,0.626190,0.049390
0,NO,0.379500,0.026060
0,NYG,0.279850,0.017270
0,NYJ,0.217430,0.012780
0,PHI,0.559490,0.042460
0,PIT,0.493810,0.035510
0,SEA,0.623270,0.051200
0,SF,0.551850,0.041530
0,TB,0.425760,0.029470
0,TEN,0.236650,0.014280
0,WAS,0.314430,0.020340
1,ARI,0.391610,0.024540
1,ATL,0.338820,0.020910
1,BAL,0.620930,0.047650
1,BUF,0.736580,0.063340
1,CAR,0.313470,0.018730
1,CHI,0.625460,0.047140
1,CIN,0.549660,0.039430
1,CLE,0.221570,0.012570
1,DAL,0.235840,0.013870
1,DEN,0.365290,0.022730
1,DET,0.592510,0.044810
1,GB,0.258930,0.015500
1,HOU,0.377490,0.023370
1,IND,0.277260,0.017120
1,JAX,0.745390,0.064910
1,KC,0.558300,0.040150
1,LA,0.311280,0.019050
1,LAC,0.318430,0.018880
1,LV,0.415230,0.027360
1,MIA,0.217420,0.013030
1,MIN,0.576620,0.043950
1,NE,0.396660,0.024780
1,NO,0.286870,0.017440
1,NYG,0.477600,0.032560
1,NYJ,0.426610,0.028490
1,PHI,0.676700,0.053960
1,PIT,0.631140,0.048960
1,SEA,0.704530,0.060360
1,SF,0.679730,0.055220
1,TB,0.339950,0.020320
1,TEN,0.142040,0.007960
1,WAS,0.190080,0.010910
2,ARI,0.241130,0.013330
2,ATL,0.155250,0.008140
2,BAL,0.436280,0.028540
2,BUF,0.829370,0.078760
2,CAR,0.471680,0.028340
2,CHI,0.403480,0.024460
2,CIN,0.758040,0.065410
2,CLE,0.408030,0.025210
2,DAL,0.370680,0.023060
2,DEN,0.465610,0.028550
2,DET,0.423730,0.026800
2,GB,0.406110,0.024690
2,HOU,0.252950,0.014080
2,IND,0.205850,0.011150
2,JAX,0.649100,0.044930
2,KC,0.713250,0.057120
2,LA,0.398210,0.024480
2,LAC,0.137380,0.007260
2,LV,0.616960,0.044370
2,MIA,0.126100,0.006740
2,MIN,0.753310,0.064280
2,NE,0.528730,0.035250
2,NO,0.462540,0.029680
2,NYG,0.330780,0.019210
2,NYJ,0.300100,0.017420
2,PHI,0.783520,0.067530
2,PIT,0.442590,0.027580
2,SEA,0.773580,0.068250
2,SF,0.749590,0.064110
2,TB,0.179590,0.009760
2,TEN,0.129660,0.006640
2,WAS,0.096820,0.004870
3,ARI,0.158620,0.008200
3,ATL,0.108250,0.005230
3,BAL,0.574800,0.038350
3,BUF,0.893150,0.087490
3,CAR,0.423220,0.023900
3,CHI,0.560460,0.035620
3,CIN,0.549990,0.035170
3,CLE,0.535820,0.034790
3,DAL,0.233840,0.013540
3,DEN,0.538560,0.033150
3,DET,0.553340,0.036650
3,GB,0.553680,0.035520
3,HOU,0.086140,0.004100
3,IND,0.306140,0.016820
3,JAX,0.740070,0.050350
3,KC,0.837170,0.072020
3,LA,0.234480,0.012330
3,LAC,0.048890,0.002410
3,LV,0.767340,0.061240
3,MIA,0.050010,0.002380
3,MIN,0.858610,0.084090
3,NE,0.264510,0.013980
3,NO,0.416410,0.023080
3,NYG,0.515360,0.034760
3,NYJ,0.185750,0.010080
3,PHI,0.608230,0.043900
3,PIT,0.558570,0.037100
3,SEA,0.559540,0.038310
3,SF,0.851090,0.083520
3,TB,0.144890,0.006850
3,TEN,0.063090,0.003070
3,WAS,0.219980,0.012000
4,ARI,0.072480,0.003470
4,ATL,0.104590,0.005030
4,BAL,0.748940,0.054340
4,BUF,0.757700,0.056100
4,CAR,0.452140,0.024180
4,CHI,0.627300,0.038750
4,CIN,0.364950,0.020600
4,CLE,0.739360,0.052480
4,DAL,0.337610,0.019370
4,DEN,0.384720,0.020460
4,DET,0.475090,0.029890
4,GB,0.648380,0.043370
4,HOU,0.023740,0.000980
4,IND,0.436750,0.024280
4,JAX,0.827330,0.063640
4,KC,0.950680,0.105500
4,LA,0.326870,0.017800
4,LAC,0.021170,0.000950
4,LV,0.677730,0.042100
4,MIA,0.036710,0.001600
4,MIN,0.898980,0.092330
4,NE,0.465390,0.026020
4,NO,0.416030,0.021590
4,NYG,0.675180,0.049020
4,NYJ,0.149390,0.007040
4,PHI,0.317240,0.018500
4,PIT,0.387360,0.020850
4,SEA,0.586120,0.039710
4,SF,0.885990,0.089940
4,TB,0.079190,0.003640
4,TEN,0.028080,0.001220
4,WAS,0.096810,0.005250
